country,Date,C,X,GDP,M,I,Q,Y,time,population,log_population,TB,TBGDP,IGDP,C_growth,GDP_growth,I_growth,C_cycle,GDP_cycle,I_cycle,TBGDP_cycle,C_linear_cycle,GDP_linear_cycle,I_linear_cycle,TBGDP_linear_cycle
Mexico,Q1 1993,-4.0153665717950515,0.004126569054376705,-3.538998589737943,0.004300504081740784,-5.118031735338858,1,1993,1993-01-01,86648447.0,18.277369651287838,-0.00017393502736407981,-0.005989004078516871,0.20617434243924593,,,,-0.0007890761272788538,-0.002560211895411335,-0.02116117731204259,0.0009597521560775427,,,,
Mexico,Q2 1993,-4.0009902814294085,0.0042591472230536845,-3.5315149954149074,0.004539509550550676,-5.109466922945899,2,1993,1993-04-01,86231628.24990958,18.272547585388637,-0.0002803623274969915,-0.009581580043414164,0.2063973824195458,,,,0.01246056784399574,0.0035175255107713355,-0.0031188862288349384,-0.005061418538015557,,,,
Mexico,Q3 1993,-3.998524356578667,0.004351380341813841,-3.5165296071460896,0.004610926214107669,-5.083125267705411,3,1993,1993-07-01,85816814.58907862,18.267725519489435,-0.00025954587229382736,-0.008738231179636518,0.20875464571861824,,,,0.013800339472949119,0.017098656995171435,0.03271347343772035,-0.006647264248531268,,,,
Mexico,Q4 1993,-3.9783110035494404,0.004559676555454209,-3.498567638030474,0.004894657366836276,-5.005488689338119,4,1993,1993-10-01,85403996.37210861,18.262903453590233,-0.0003349808113820669,-0.011077163090547374,0.22159119662765014,,,,0.032880737770642376,0.03365737113779277,0.1198691570066126,-0.011413427037344319,,,,
Mexico,Q1 1994,-4.007028819221776,0.004495462711730989,-3.521917582701066,0.005031946989769195,-4.983164187129094,1,1994,1994-01-01,88314423.99999993,18.29641400444205,-0.0005364842780382064,-0.018159603889416884,0.23194694833658175,,,,0.003007245962535876,0.008893888323999732,0.1517358943115834,-0.020914416936080815,,,,
Mexico,Q2 1994,-3.969172960113405,0.004508776639680909,-3.4963589894237956,0.005206733684800765,-4.948098452254493,2,1994,1994-04-01,87894950.59751874,18.291652916153495,-0.0006979570451198566,-0.023029160745320593,0.23416261646408804,,,,0.039648237175295975,0.03299633944926672,0.1962868050721598,-0.028179989640273923,,,,
Mexico,Q3 1994,-3.949815310585726,0.004632974660351388,-3.483915462612776,0.005392117560861006,-4.942699683096143,3,1994,1994-07-01,87477469.59817421,18.28689182786494,-0.0007591429005096182,-0.024738239837760266,0.23251879454169483,,,,0.05769347716319828,0.04390324058068629,0.21093866686825624,-0.032235628345297966,,,,
Mexico,Q4 1994,-3.9387275513036126,0.0048272396383089765,-3.4675857898451357,0.0055507196938018874,-4.968018383495233,4,1994,1994-10-01,87061971.53850515,18.282130739576388,-0.0007234800554929109,-0.023194228817373652,0.22303365633297825,,,,0.06730815522880551,0.05855730191017772,0.19434327256725226,-0.0329441852241381,,,,
Mexico,Q1 1995,-4.043816787262147,0.0049548040530858544,-3.5597080845688565,0.00413370311464858,-5.366537424557978,1,1995,1995-01-01,89969572.00000007,18.314982082240718,0.000821100938437274,0.028864107066101527,0.16417385191444522,,,,-0.03951402207875265,-0.03546553176655509,-0.19641178889529165,0.017020257218836397,,,,
Mexico,Q2 1995,-4.055081946482885,0.0054072442493118406,-3.605220587694389,0.004302433565100508,-5.491552666139462,2,1995,1995-04-01,89552899.34639566,18.31034006279105,0.001104810684211333,0.04064576227493682,0.15162694585748165,,,,-0.05291323883383914,-0.08322604142996903,-0.3151733818780329,0.026951966307030548,,,,
Mexico,Q3 1995,-4.042908746582393,0.005809084693213878,-3.5818049006335184,0.0044831037131677545,-5.473628679873385,3,1995,1995-07-01,89138156.4129892,18.305698043341383,0.0013259809800461233,0.04765356522715168,0.15079653830033016,,,,-0.04339177244202297,-0.06250620260450201,-0.2929343251501866,0.03242840565883555,,,,
Mexico,Q4 1995,-4.038546360832949,0.005622077438703713,-3.558182458558027,0.004551775469270855,-5.3746187265706356,4,1995,1995-10-01,88725334.2627407,18.301056023891718,0.0010703019694328578,0.03756689767466976,0.16260419738713117,,,,-0.04228228519031596,-0.04207580829869384,-0.19177914329448242,0.02118674724760487,,,,
Mexico,Q1 1996,-4.049518228245404,0.006004537456398484,-3.563330209707257,0.004694400832087197,-5.362788984178999,1,1996,1996-01-01,91586555.00000003,18.332795039395215,0.0013101366243112866,0.04622226622230861,0.1653883764141475,,,,-0.057164585246529676,-0.05092109821201829,-0.18002219407732767,0.029101020146049126,,,,
Mexico,Q2 1996,-4.037848840080705,0.006139834673599552,-3.5459014278305916,0.0048446897772803635,-5.304548048734758,2,1996,1996-04-01,91179604.95046917,18.328341800106593,0.0012951448963191888,0.04490387104185363,0.17227786337809356,,,,-0.05009310660032096,-0.03767834017380034,-0.1240003913890666,0.027479705276817017,,,,
Mexico,Q3 1996,-4.013894100633217,0.006203432999321972,-3.524730911180995,0.004997729365932222,-5.232880255983191,3,1996,1996-07-01,90774463.11768785,18.323888560817966,0.0012057036333897493,0.040927173689692765,0.18120082275334431,,,,-0.03141796840898703,-0.02113350083056309,-0.05651387495773719,0.023644356809568494,,,,
Mexico,Q4 1996,-3.983658186181219,0.006356575979959398,-3.490525252155434,0.005516563166489945,-5.166685523289186,4,1996,1996-10-01,90371121.4671376,18.31943532152934,0.0008400128134694535,0.027555085742735273,0.1870909772393015,,,,-0.007106253622112035,0.008079207989777792,0.003799134113630309,0.010846804118686808,,,,
Mexico,Q1 1997,-4.0057854116894935,0.0063375229845877455,-3.519382841918026,0.005360964940700513,-5.225985983947486,1,1997,1997-01-01,93183093.99999993,18.350076868351998,0.0009765580438872322,0.03297210009588496,0.18148121268188855,,,,-0.03574554764552662,-0.02605301586982245,-0.06278648003599674,0.017245680173543776,,,,
Mexico,Q2 1997,-3.973812151254464,0.006518529607464311,-3.4924531073760656,0.005821222585720891,-5.155465636304158,2,1997,1997-04-01,92781368.86997506,18.345756411112802,0.0006973070217434199,0.022918023020432547,0.18956704284491516,,,,-0.010811053608189791,-0.004599059814580642,-0.0006600727778005577,0.008548152067323959,,,,
Mexico,Q3 1997,-3.9551012851319274,0.006777707040136653,-3.46922312399862,0.006435148815782142,-5.104546750877879,3,1997,1997-07-01,92381375.6322191,18.341435953873606,0.0003425582243545104,0.011000156350575952,0.19488928967965927,,,,0.0004178601688447081,0.013050823323431882,0.0410899698944549,-0.0016818960939893515,,,,
Mexico,Q4 1997,-3.9256219004414676,0.006916726581576457,-3.4404108024193545,0.006724181443537152,-5.078561241174054,4,1997,1997-10-01,91983106.8203064,18.33711549663441,0.0001925451380393045,0.006007364498585233,0.1943391522550385,,,,0.02206237540924061,0.036278419959933306,0.057466031545764906,-0.0047043602213828,,,,
Mexico,Q1 1998,-3.940279949554758,0.006925548272545206,-3.461077218922179,0.006748433351746167,-5.089929094397196,1,1998,1998-01-01,94767283.99999987,18.366934802177415,0.00017711492079903936,0.005641334956292248,0.1961546548617648,,,,-0.000693452578034659,0.010114194095817819,0.03635674081082829,-0.0028652619612224844,,,,
Mexico,Q2 1998,-3.9220361677587636,0.006984509645897488,-3.4497030496810863,0.006884563402359822,-5.0640574810013055,2,1998,1998-04-01,94368729.29041609,18.36272031872106,9.994624353766579e-05,0.003147411117704687,0.1990191094820073,,,,0.009265859616066408,0.01614633582942604,0.05262762680515021,-0.002964026832560316,,,,
Mexico,Q3 1998,-3.9106764955680484,0.006827909580255893,-3.440325099678193,0.0068497682537164975,-5.038619693757363,3,1998,1998-07-01,93971850.74849121,18.358505835264708,-2.185867346060459e-05,-0.0006819271931091727,0.20224112727767207,,,,0.012231023580851819,0.020400585079661138,0.06885537336424008,-0.0042511531356618495,,,,
Mexico,Q4 1998,-3.903628682905295,0.0072741860614183975,-3.4347761368289857,0.007046001979390266,-5.034824050497433,4,1998,1998-10-01,93576641.32490875,18.354291351808353,0.00022818408202813188,0.007079289420721472,0.20188684462357667,,,,0.010845150335254683,0.021096627372165777,0.06404874699577601,0.006158202918780234,,,,
Mexico,Q1 1999,-3.9139984891739896,0.006990383849825425,-3.4537636007765884,0.006989829533062875,-5.036708550125128,1,1999,1999-01-01,96334809.9999999,18.383340286010835,5.5431676255005e-07,1.752703627403112e-05,0.20536940428032546,,,,-0.007934302972338436,-0.002433273860730889,0.05434379852753324,0.0018120387709896488,,,,
Mexico,Q2 1999,-3.898322688542424,0.007166248844407207,-3.4437491097729183,0.007370870428267225,-5.025074371866788,2,1999,1999-04-01,95940514.33708939,18.37923891505248,-0.00020462158386001794,-0.006405494717975181,0.20570230801412662,,,,-0.0005876721773012683,0.0033757808124001976,0.059073367997686255,-0.0018702434642352238,,,,
Mexico,Q3 1999,-3.8779984916494246,0.007353758651595752,-3.4299244471264587,0.007741627209410475,-5.019094634266832,3,1999,1999-07-01,95547832.51521714,18.375137544094123,-0.0003878685578147228,-0.011975174100483781,0.20409490205916775,,,,0.01154922935381153,0.01336004656258405,0.05916439125225281,-0.004717492083261803,,,,
Mexico,Q4 1999,-3.8647948016764078,0.007532794470940228,-3.4166901352300165,0.008082565198091798,-4.997813226438757,4,1999,1999-10-01,95156757.92897758,18.37103617313577,-0.0005497707271515696,-0.016750635332325146,0.20574389923593625,,,,0.01676926300696735,0.023144929613513554,0.07563611271316972,-0.006831112442908122,,,,
Mexico,Q1 2000,-3.8711759707206275,0.007599811397253194,-3.42616744302861,0.008362077426478978,-4.992959828984128,1,2000,2000-01-01,97873442.00000007,18.399185793885454,-0.0007622660292257843,-0.0234461846115825,0.2087135824174608,,,,0.002662622983950147,0.010626739607569657,0.07678500756977868,-0.010964743444450017,,,,
Mexico,Q2 2000,-3.846512034210305,0.0078593983445943,-3.4072717225179825,0.008618244990493433,-4.978427310873577,2,2000,2000-04-01,97486495.32784946,18.3952244169168,-0.0007588466458991333,-0.022904105018689943,0.20780490662350956,,,,0.01990333936619537,0.026893237555399185,0.08869709007190263,-0.007995731426237397,,,,
Mexico,Q3 2000,-3.824726186240478,0.008141400821648518,-3.3931528758551575,0.009248268033617292,-4.972008821256738,3,2000,2000-07-01,97101078.46525693,18.391263039948143,-0.0011068672119687734,-0.03293996194057991,0.2062108798109429,,,,0.03461061942895549,0.03879099259411234,0.0935101036606305,-0.01576785206846571,,,,
Mexico,Q4 2000,-3.809630259851163,0.008275150863699794,-3.3978868834468337,0.009375106363847488,-4.995461528801265,4,2000,2000-10-01,96717185.36405829,18.38730166297949,-0.0010999555001476938,-0.032889603606211654,0.20238678294536017,,,,0.04300259191540201,0.03222368733767089,0.0693423365777388,-0.013640166561215836,,,,
Mexico,Q1 2001,-3.8364056858540243,0.007939869743822705,-3.424895161945325,0.008909628690131573,-5.064977339206064,1,2001,2001-01-01,99394287.99999997,18.414605205186906,-0.0009697589463088675,-0.029790436363899376,0.19396410219734392,,,,0.00990615615991386,0.0037253237840526587,-0.00018110378103930458,-0.00866343930638079,,,,
Mexico,Q2 2001,-3.8317873772116724,0.007909702734789739,-3.4264264222021943,0.008749291923833736,-5.097579029638078,2,2001,2001-04-01,99011875.19417167,18.410750352361543,-0.0008395891890439974,-0.02583122043585248,0.1880302156665605,,,,0.008567852725980263,0.0009824699273996984,-0.032309320448367096,-0.0030312634756480515,,,,
Mexico,Q3 2001,-3.824767527884835,0.00771158673551747,-3.420382040282429,0.008602083222866116,-5.0636684477631375,3,2001,2001-07-01,98630933.69576961,18.40689549953618,-0.000890496487348646,-0.027232358567413094,0.19334359122040948,,,,0.00997074983136903,0.006026700221062775,0.0023296262340659624,-0.00296346011427134,,,,
Mexico,Q4 2001,-3.814256973207319,0.007674680015404545,-3.4229295802619637,0.008683020269828687,-5.076502411507913,4,2001,2001-10-01,98251457.84403792,18.403040646710817,-0.0010083402544241414,-0.030914806594333273,0.19136497101829522,,,,0.015173919412817316,0.0026227870637418604,-0.009727101010990502,-0.005378508818242016,,,,
Mexico,Q1 2002,-3.83691579324435,0.00755173249610739,-3.4564203558234,0.008605666071534528,-5.13118464692058,1,2002,2002-01-01,100917080.99999979,18.429809757418706,-0.0010539335754271382,-0.03341315826866017,0.18735233489113898,,,,-0.012519043042998224,-0.031652013440166105,-0.06379070359868688,-0.00680667493727511,,,,
Mexico,Q2 2002,-3.8240785943086846,0.007689387570513781,-3.4435774599427136,0.008843403708087167,-5.1209987379635304,2,2002,2002-04-01,100534209.37765886,18.426008619360754,-0.0011540161375733857,-0.0361192372769833,0.18685520291626054,,,,-0.0044885519965673915,-0.019593863721553362,-0.053346161420257054,-0.008632092187616618,,,,
Mexico,Q3 2002,-3.8192028449632374,0.007799641900564764,-3.4319570889432534,0.008947113674531592,-5.099846198345073,3,2002,2002-07-01,100152790.34072544,18.422207481302806,-0.0011474717739668279,-0.03549948373654272,0.18864485429619973,,,,-0.004230059756633597,-0.008812247050284938,-0.03245651492310131,-0.007309256544327257,,,,
Mexico,Q4 2002,-3.8205994560606964,0.007838201954319614,-3.4258150119934894,0.008403617474468184,-5.100188723616759,4,2002,2002-10-01,99772818.37820216,18.418406343244857,-0.0005654155201485697,-0.017385223612354162,0.18742552515991467,,,,-0.010089655576716261,-0.0036039733765194093,-0.033711645046974326,0.01134784522737382,,,,
Mexico,Q1 2003,-3.828613914506962,0.007531833090676623,-3.4497239700687365,0.009208644620685392,-5.120757960299816,1,2003,2003-01-01,102429341.00000003,18.44468376273001,-0.001676811530008769,-0.05280564307319756,0.18805252060801048,,,,-0.02244536097619898,-0.028577316802854913,-0.05595109837948087,-0.02366806555615653,,,,
Mexico,Q2 2003,-3.8270666793805654,0.0075168160631280834,-3.443665853518256,0.008657242840846038,-5.11692191620423,2,2003,2003-04-01,102049164.64069785,18.440965261402184,-0.0011404267777179542,-0.035697062849805894,0.1876351182028347,,,,-0.025143863612357098,-0.023747448322473108,-0.054629713018826465,-0.006278494543781581,,,,
Mexico,Q3 2003,-3.8168453417008967,0.007867912442291534,-3.440368427143468,0.008690500929607515,-5.120994651004755,3,2003,2003-07-01,101670399.34255023,18.43724676007436,-0.0008225884873159801,-0.025663486126993186,0.18625730074473082,,,,-0.019084954732716763,-0.0218575525577136,-0.06211340949149591,0.0039421627025269385,,,,
Mexico,Q4 2003,-3.7992996662760814,0.00809714469095465,-3.4257057406035907,0.008613034036046468,-5.112514206566937,4,2003,2003-10-01,101293039.86826752,18.43352825874653,-0.0005158893450918182,-0.015860674705137617,0.18510936508252557,,,,-0.005614884458780889,-0.008782256833510527,-0.05795794694413203,0.013871676064323008,,,,
Mexico,Q1 2004,-3.814867712626694,0.008142761844577613,-3.4375703288237704,0.00863639981342971,-5.089172165838888,1,2004,2004-01-01,103945813.00000006,18.459380292476798,-0.0004936379688520974,-0.015357707139183618,0.19174252222555477,,,,-0.025156269527794706,-0.022401012770380202,-0.03983380472500819,0.014472034816905281,,,,
Mexico,Q2 2004,-3.7961668365039,0.008363575724344069,-3.4185407702781685,0.009082590694753378,-5.063906965255998,2,2004,2004-04-01,103564603.05354995,18.4557061600401,-0.0007190149704093089,-0.02194781675157989,0.19294189550240193,,,,-0.010307513604805862,-0.005273826627330447,-0.020622091952838595,0.007972403670527938,,,,
Mexico,Q3 2004,-3.778145018376718,0.008474370013532037,-3.417060656138848,0.009354109159055463,-5.071202280354248,3,2004,2004-07-01,103184791.15305321,18.4520320276034,-0.0008797391455234258,-0.026814179009931015,0.19125615491803108,,,,0.004018077595738578,-0.005811716728290062,-0.03472426071897328,0.0032029601685287096,,,,
Mexico,Q4 2004,-3.7622274197318597,0.008591977144451148,-3.400199266468875,0.00960939073264476,-5.036371480202676,4,2004,2004-10-01,102806372.1713293,18.448357895166705,-0.0010174135881936119,-0.03049195796567369,0.19472397934035646,,,,0.016436459537700454,0.008951905853449738,-0.007358567840351604,-0.000363089481880869,,,,
Mexico,Q1 2005,-3.786345933029886,0.008452707668780176,-3.423864821521705,0.009279052652840764,-5.041062921247819,1,2005,2005-01-01,105442401.99999976,18.47367540918737,-0.0008263449840605879,-0.025358700473921098,0.19845396904503837,,,,-0.010945654587404263,-0.016851677822834255,-0.020056554848461694,0.0049030762727289255,,,,
Mexico,Q2 2005,-3.7816635191007224,0.00869413278572304,-3.4174615863908846,0.009280730308172103,-5.0385912587635415,2,2005,2005-04-01,105066246.68765429,18.470101630009726,-0.0005865975224490626,-0.017886482149403082,0.19767526461830798,,,,-0.00926289274463521,-0.012592826479117303,-0.026011462997217016,0.012535977157097325,,,,
Mexico,Q3 2005,-3.766056002692444,0.008710671651900901,-3.405503335078412,0.00957406798887802,-5.022216345739787,3,2005,2005-07-01,104691433.27208205,18.466527850832083,-0.0008633963369771187,-0.026013662913059905,0.19855026024829278,,,,0.0036440942169164714,-0.0027408754471847097,-0.01834919590982942,0.0046007841670826985,,,,
Mexico,Q4 2005,-3.7587996589517445,0.009308035052053572,-3.385347406179762,0.010121470269419789,-4.980257410205217,4,2005,2005-10-01,104317956.96619938,18.46295407165444,-0.0008134352173662165,-0.024019317831434843,0.2029267902750407,,,,0.008539994357507297,0.015399145864251285,0.0147612249161444,0.006814118167217217,,,,
Mexico,Q1 2006,-3.762751038724302,0.009422825776693282,-3.392263270118389,0.01012360461007391,-4.9809015075640835,1,2006,2006-01-01,106886789.99999982,18.48728079492633,-0.0007007788333806275,-0.02083637644553683,0.2042034991615406,,,,0.002606942479527863,0.006611789265655421,0.005294418855007699,0.010235870057462976,,,,
Mexico,Q2 2006,-3.749358101365419,0.009415273793159852,-3.3791517244640676,0.010302853440808906,-4.948725195393142,2,2006,2006-04-01,106523848.59255382,18.48387944849159,-0.0008875796476490536,-0.02604679444348424,0.20813393860257562,,,,0.014430327379267194,0.0180406549550014,0.028826277342979267,0.0052726457668181015,,,,
Mexico,Q3 2006,-3.744190172257022,0.009253128317774867,-3.373002846140599,0.010387499765819229,-4.930676405493975,3,2006,2006-07-01,106162139.5774856,18.48047810205685,-0.0011343714480443624,-0.03308505114753691,0.21062550940184058,,,,0.018472542487340426,0.02273593140794805,0.038558008579672176,-0.0015278698286466455,,,,
Mexico,Q4 2006,-3.7333357487354673,0.009298049874032842,-3.367111039657432,0.010253994243674064,-4.920227865205097,4,2006,2006-10-01,105801658.77012214,18.47707675562211,-0.0009559443696412224,-0.027717264363927175,0.21158746380145635,,,,0.02866779032532296,0.027432204105160007,0.04114800880442537,0.004047074259562727,,,,
Mexico,Q1 2007,-3.747130001691661,0.009165213774879478,-3.383452699659744,0.010221739711614383,-4.947607317805247,1,2007,2007-01-01,108302972.99999999,18.50044316311798,-0.001056525936734904,-0.031138307297549326,0.20926484712118645,,,,0.01469205452118505,0.010167858434442678,0.006475559560991329,0.0007824285399211615,,,,
Mexico,Q2 2007,-3.734329433258779,0.009421973975192299,-3.3725152654566264,0.010561651755551802,-4.924082687005221,2,2007,2007-04-01,107947177.80774193,18.497152571070067,-0.0011396777803595031,-0.03322361237035869,0.2119155523692574,,,,0.02778207009167266,0.020453089992123363,0.023354044455563994,-0.0012199451175696624,,,,
Mexico,Q3 2007,-3.733966142907922,0.009539564644526781,-3.362954959124208,0.010802250566053752,-4.8897597255286716,3,2007,2007-07-01,107592551.46815085,18.493861979022157,-0.0012626859215269706,-0.03645928268479548,0.21722865589545245,,,,0.02888979218153187,0.029622956695968483,0.05175497085675396,-0.004469344541230408,,,,
Mexico,Q4 2007,-3.72938921363349,0.009483837457587957,-3.35574059270368,0.01087893135294674,-4.847108305383103,4,2007,2007-10-01,107239090.14133032,18.490571386974242,-0.001395093895358782,-0.039992915031488885,0.22506462120011622,,,,0.03463282861840078,0.036687143317434945,0.08927113057153058,-0.00813579878187224,,,,
Mexico,Q1 2008,-3.7414955058797235,0.009377900279044945,-3.3801179549945535,0.010731541084172827,-4.854551756178168,1,2008,2008-01-01,109684488.99999976,18.51311852053543,-0.0013536408051278825,-0.039762164126270635,0.22890829796767959,,,,0.02406295365996325,0.012359843521726699,0.07750951094793557,-0.008176601475170596,,,,
Mexico,Q2 2008,-3.730070518887966,0.009429559071698977,-3.36958406411265,0.010835174226203947,-4.8395076707483815,2,2008,2008-04-01,109337466.59420823,18.509949681181066,-0.0014056151545049703,-0.04085622119989629,0.22994305063900183,,,,0.037321657248913453,0.02308109219316279,0.08902704165253361,-0.00969549789748609,,,,
Mexico,Q3 2008,-3.7345860652643723,0.009289872227089806,-3.3631138249481647,0.011377995723665886,-4.83678993507636,3,2008,2008-07-01,108991542.10619175,18.506780841826703,-0.0020881234965760796,-0.060302866450103514,0.22908180546179835,,,,0.034849076617096575,0.029805312539487705,0.08893591575945159,-0.029729711916239437,,,,
Mexico,Q4 2008,-3.769470133926574,0.008688543648319766,-3.3764105128759994,0.010209079308020376,-4.869479326702989,4,2008,2008-10-01,108646712.06233186,18.50361200247234,-0.00152053565970061,-0.044499288191647446,0.22468208896996988,,,,0.0021058466491021832,0.01674413160111854,0.054025792883508394,-0.014679815829682932,,,,
Mexico,Q1 2009,-3.835345722386261,0.0077904588576539185,-3.4507832000105894,0.00870730914525738,-4.994851146696133,1,2009,2009-01-01,111049427.99999987,18.525485957458486,-0.0009168502876034622,-0.028903772320178937,0.21351078194279935,,,,-0.06166418703742815,-0.057515248641399896,-0.07316377583480183,1.1101552983085877e-05,,,,
Mexico,Q2 2009,-3.8413152762556213,0.007599006122886092,-3.462754335675978,0.008094809403936662,-4.994071201623203,2,2009,2009-04-01,110706609.0480383,18.52239409822772,-0.0004958032810505695,-0.01581847078019475,0.2162507065381112,,,,-0.06569794307950394,-0.06960946849937955,-0.07401751087508579,0.012065260258605916,,,,
Mexico,Q3 2009,-3.8123124238127146,0.008097554727783273,-3.4271120385401077,0.009333334978184319,-4.980148658481766,3,2009,2009-07-01,110364848.4071004,18.519302238996957,-0.001235780250401046,-0.038046709065545865,0.21160443498279669,,,,-0.03502498266310772,-0.034404890597631965,-0.06171776578720678,-0.011296300173791973,,,,
Mexico,Q4 2009,-3.789552213141008,0.008881663378979558,-3.4075908669173347,0.009801469681626058,-4.978783044304622,4,2009,2009-10-01,110024142.81009075,18.516210379766193,-0.0009198063026465003,-0.027771177303312623,0.20779730338229352,,,,-0.010915225565204967,-0.0156708112895676,-0.06209099321196554,-0.002239445626079098,,,,
Mexico,Q1 2010,-3.815691993332575,0.009213339365255346,-3.419644947691803,0.009970364002097495,-4.968247242763886,1,2010,2010-01-01,112532400.99999999,18.53875174703104,-0.0007570246368421487,-0.02313358521365325,0.21254484128392542,,,,-0.03605900195720091,-0.028874592441761937,-0.05349842882585687,0.0011179986144067705,,,,
Mexico,Q2 2010,-3.7990574183885,0.009720767059817911,-3.4054783507445405,0.010335170732093052,-4.954918353435133,2,2010,2010-04-01,112159811.3904833,18.5354352996379,-0.0006144036722751413,-0.018511186603126627,0.21236686540738894,,,,-0.018808124903534562,-0.016223744660617267,-0.042366717338078175,0.004424062827443488,,,,
Mexico,Q3 2010,-3.7942280213547224,0.009963225593685388,-3.3927006910021795,0.010532609970342754,-4.961752469215952,3,2010,2010-07-01,111788455.40804584,18.532118852244764,-0.0005693843766573659,-0.016937009659565835,0.2082425488902864,,,,-0.013745749637275484,-0.005313276977865655,-0.0516680602618278,0.0046703041624007215,,,,
Mexico,Q4 2010,-3.7777308254620454,0.010221321846650516,-3.3817289470407337,0.010701048122344823,-4.932372288821393,4,2010,2010-10-01,111418328.96820424,18.528802404851625,-0.0004797262756943074,-0.014114312455693268,0.21211146975141576,,,,0.0026092335017073864,0.003464577765794896,-0.025014785729423394,0.006175284844491674,,,,
Mexico,Q1 2011,-3.8003524883426247,0.010306885172038831,-3.3983243719642804,0.010631982356692833,-4.94852890707978,1,2011,2011-01-01,114150480.99999996,18.553028144685033,-0.00032509718465400204,-0.009724935531355734,0.21220456610225527,,,,-0.02051310913428317,-0.015623367000289434,-0.04411532544879826,0.009276065691703632,,,,
Mexico,Q2 2011,-3.781468825802153,0.010327994797499282,-3.3894761518221013,0.010710966904708756,-4.9041622402872695,2,2011,2011-04-01,113743792.7722854,18.549459045271536,-0.00038297210720947446,-0.011355282251129223,0.21987719600356798,,,,-0.0024735001374236454,-0.009540396153081776,-0.002851298354636711,0.006401285144266879,,,,
Mexico,Q3 2011,-3.7653298066261915,0.010450883338066269,-3.3666436192557554,0.010987761550625615,-4.876213926213666,3,2011,2011-07-01,113338553.46807137,18.545889945858036,-0.0005368782125593462,-0.015559316900754077,0.22100492183673634,,,,0.012506005613448501,0.010289823442549473,0.021921527223133452,0.001006223180190018,,,,
Mexico,Q4 2011,-3.761522366249027,0.01048043597688222,-3.3565835225812064,0.01094610129521425,-4.845475250419328,4,2011,2011-10-01,112934757.9252238,18.542320846444536,-0.00046566531833202966,-0.01336040415388969,0.225622568239686,,,,0.014867932528356498,0.017152171994928356,0.049499517225498835,0.0020727585863474386,,,,
Mexico,Q1 2012,-3.777502494993705,0.010808810632725471,-3.374681563788151,0.010969957481824985,-4.869608035217724,1,2012,2012-01-01,115755908.9999998,18.56699429930365,-0.00016114684909951382,-0.004707901843387495,0.22426509401607067,,,,-0.002822066124944733,-0.004303855101006615,0.022294799885824723,0.009656148100933865,,,,
Mexico,Q2 2012,-3.775185494400472,0.010985336914269518,-3.3624017142250833,0.011142819485199046,-4.859717262486701,2,2012,2012-04-01,115352447.52975908,18.563502760648998,-0.00015748257092952807,-0.004544697762963452,0.22372994698394658,,,,-0.0024669407537318833,0.004482248083387486,0.029245406674827557,0.008816823027163023,,,,
Mexico,Q3 2012,-3.767601046933888,0.01086893724286886,-3.3535694198875676,0.01113534259726642,-4.843102073995392,3,2012,2012-07-01,114950392.30442952,18.560011221994344,-0.000266405354397559,-0.007620432895055291,0.22547800714011523,,,,0.002917741101732929,0.009712202739121878,0.04308127492200775,0.004802426386963792,,,,
Mexico,Q4 2012,-3.7582384207011885,0.010964599459548372,-3.3414955987003543,0.011536174749912146,-4.859330155724992,4,2012,2012-10-01,114549738.42261393,18.556519683339687,-0.0005715752903637742,-0.01615349663183244,0.21918600822746773,,,,0.009858368096483883,0.018099456722971308,0.024245519365638124,-0.004613657721858632,,,,
Mexico,Q1 2013,-3.772343165681059,0.010632772665341909,-3.362564315158976,0.01126094019093725,-4.882767038924461,1,2013,2013-01-01,117290685.99999991,18.580165907231542,-0.0006281675255953405,-0.01813086849867721,0.2186675533488247,,,,-0.006876776574081589,-0.006721758805784184,-0.00164351632060189,-0.0074296368512037705,,,,
Mexico,Q2 2013,-3.769583202356969,0.010807783062744112,-3.364575872454303,0.011302817092361028,-4.913707657953323,2,2013,2013-04-01,116905094.47357461,18.576873005249567,-0.0004950340296169167,-0.014316992240196138,0.21243233061446054,,,,-0.006947941699413818,-0.012544763543655968,-0.03491204502320233,-0.004418299236119229,,,,
Mexico,Q3 2013,-3.762407124684637,0.011087231002985164,-3.3526304202907586,0.01138071859177755,-4.919415280909315,3,2013,2013-07-01,116520770.57402037,18.573580103267595,-0.00029348758879238664,-0.008387231524418243,0.20871515306340682,,,,-0.0027917515558524286,-0.0044585226014541846,-0.04285358616916657,0.0007412904879569148,,,,
Mexico,Q4 2013,-3.7527550673232577,0.011095394411624574,-3.3434379266018643,0.011355272103075255,-4.904235928303901,4,2013,2013-10-01,116137710.13403079,18.570287201285623,-0.00025987769145068007,-0.007358777000013502,0.20996844914852397,,,,0.003667971340349574,0.0008460211581269306,-0.029822591571083024,0.001031002141968199,,,,
Mexico,Q1 2014,-3.7761673271987077,0.010900498768536859,-3.358826605185096,0.011383017163603877,-4.917559043059674,1,2014,2014-01-01,118755886.99999978,18.59258057438708,-0.0004825183950670185,-0.013875023741727225,0.2104026006114106,,,,-0.023091012949019163,-0.01843753441493501,-0.04519015196131626,-0.006193962185772153,,,,
Mexico,Q2 2014,-3.752845766879588,0.011330122675032635,-3.3426597134944336,0.011763042836614801,-4.892013220091643,2,2014,2014-04-01,118387879.67899354,18.589476907598193,-0.0004329201615821659,-0.012249164874751023,0.21238523510605276,,,,-0.0032548024869800685,-0.006151163890387501,-0.021547870944909064,-0.005248842833735939,,,,
Mexico,Q3 2014,-3.7513417989270503,0.011727490449695952,-3.337100126209449,0.011920465407862242,-4.895660439227512,3,2014,2014-07-01,118021012.75945905,18.58637324080931,-0.00019297495816628964,-0.0054298161614173765,0.21043881924582555,,,,-0.005344613446011337,-0.004424935604560698,-0.026892493194623945,0.0009195684488302837,,,,
Mexico,Q4 2014,-3.743128738244453,0.0121378136802478,-3.32290784014818,0.012303089726954096,-4.853534902033762,4,2014,2014-10-01,117655282.70745748,18.583269574020427,-0.00016527604670629574,-0.004584906200004855,0.21639992861489482,,,,-0.0008015300892445509,0.006017804445181074,0.01382048229733801,0.001148447603504952,,,,
Mexico,Q1 2015,-3.7603606347272587,0.01205087591544087,-3.338391738459215,0.012031872986125002,-4.891285364909611,1,2015,2015-01-01,120149896.9999999,18.604250662884628,1.9002929315867917e-05,0.000535384339337392,0.21163469520317718,,,,-0.021744031288510435,-0.013092410484323747,-0.024962190485713798,0.005692143769715404,,,,
Mexico,Q2 2015,-3.7482931042298464,0.012391189792932703,-3.323415271548963,0.012375455217983286,-4.853405734119762,2,2015,2015-04-01,119799867.8744039,18.60133314076024,1.573457494941609e-05,0.0004367128077881098,0.21653773251945202,,,,-0.01339166091825117,-0.0015833755218359613,0.012352454772607047,0.005060126328464682,,,,
Mexico,Q3 2015,-3.7362513402682005,0.012404548773248512,-3.3088784324657756,0.012608729808953991,-4.8188361186785835,3,2015,2015-07-01,119450858.47826147,18.598415618635855,-0.0002041810357054797,-0.005585255526310559,0.22091932569494177,,,,-0.005019950494957293,0.009688754318494919,0.04692678300807973,-0.0014516850119368355,,,,
Mexico,Q4 2015,-3.720044147310668,0.0125851698816656,-3.3081948403387966,0.012591847302854297,-4.852450387734997,4,2015,2015-10-01,119102865.84082426,18.595498096511466,-6.677421188696839e-06,-0.0001825322197024256,0.21347073092529123,,,,0.0076203273005917005,0.0073551875514299425,0.013981678737698289,0.0035017900527799907,,,,
Mexico,Q1 2016,-3.7342662765316383,0.01231201194089288,-3.322466686804082,0.012238942018892638,-4.859341357758741,1,2016,2016-01-01,121519220.99999994,18.61558300576383,7.306992200024204e-05,0.002026131330248561,0.21505216100481,,,,-0.010004409449371199,-0.009647495286635444,0.00848974991825191,0.005299799289396612,,,,
Mexico,Q2 2016,-3.729893479445699,0.01236819669126674,-3.3153019447468592,0.012400909592504823,-4.868524322682849,2,2016,2016-04-01,121175433.84948403,18.61274992004403,-3.271290123808314e-05,-0.0009006092494342161,0.21156513141795133,,,,-0.008813505707367497,-0.004893091900694202,0.0014923884940323262,0.0019968088702988275,,,,
Mexico,Q3 2016,-3.7121936297159364,0.012936216305394857,-3.303426434867301,0.012726892861553913,-4.858086392699037,3,2016,2016-07-01,120832619.29905464,18.60991683432423,0.000209323443840944,0.005694790387264216,0.21126120814771715,,,,0.005987824171483247,0.004932781873869363,0.014953864056946209,0.008242861312308156,,,,
Mexico,Q4 2016,-3.6969431204896317,0.01300338391248947,-3.2888425447703575,0.012855527779440584,-4.8408811938650915,4,2016,2016-10-01,120490774.5971519,18.60708374860443,0.00014785613304888617,0.003964290874405001,0.21181571544832659,,,,0.018691354788935577,0.017871001479329962,0.03607099759001997,0.0061811674147483455,,,,
Mexico,Q1 2017,-3.7092356576810617,0.013147549295681989,-3.303392556692625,0.012977590600555389,-4.8880318191534,1,2017,2017-01-01,122839258.00000013,18.626387213140926,0.00016995869512659995,0.004623688279040078,0.20502173881604868,,,,0.004267805589641238,0.002119464737646126,-0.006238203003353426,0.0065136216216137525,,,,
Mexico,Q2 2017,-3.698058087678322,0.012858513329409819,-3.297485275816119,0.013219719392127197,-4.885287343823085,2,2017,2017-04-01,122507910.4904814,18.623686161296654,-0.0003612060627173775,-0.00976865317243576,0.2043743192941552,,,,0.013783073447691585,0.007298377149433488,0.0022957435199897347,-0.008219176693392635,,,,
Mexico,Q3 2017,-3.6933355296439934,0.012780505842951229,-3.298945783999877,0.013263275754554424,-4.871912689088428,3,2017,2017-07-01,122177456.76014857,18.620985109452377,-0.0004827699116031949,-0.013075374757425944,0.207428846803491,,,,0.01736211508419805,0.0056103428728229154,0.022430371324929865,-0.011901704673879555,,,,
Mexico,Q4 2017,-3.683619967634654,0.013347463310988052,-3.281772736493427,0.013586595059172374,-4.870729801411992,4,2017,2017-10-01,121847894.398116,18.618284057608104,-0.00023913174818432185,-0.006366386913905347,0.20413840385358933,,,,0.026494407905372164,0.023079831189739775,0.031364754488369506,-0.005620571638593826,,,,
Mexico,Q1 2018,-3.6860841372364237,0.013387740584901248,-3.2880895292917973,0.013817963461358584,-4.8700801376395875,1,2018,2018-01-01,124013860.99999984,18.635903899580203,-0.00043022287645733646,-0.011526372169545756,0.20556549027469911,,,,0.02403782646595376,0.01760306417231039,0.04076443772188121,-0.011269720430557998,,,,
Mexico,Q2 2018,-3.6824758823619015,0.01370692930744307,-3.2863888155457204,0.013827621202091755,-4.86976651711066,2,2018,2018-04-01,123719161.45209487,18.633524727970386,-0.00012069189464868416,-0.0032280379587118773,0.20528054944289273,,,,0.028258577989262346,0.02069258184246392,0.050814000271848236,-0.003527605942213424,,,,
Mexico,Q3 2018,-3.6764218276514806,0.01376242307130316,-3.281340569457384,0.01398748576923489,-4.875502631800764,3,2018,2018-07-01,123425162.2115812,18.631145556360565,-0.0002250626979317296,-0.005989238714642202,0.20307862445437488,,,,0.03552906532928457,0.027672601255568807,0.055761670974972866,-0.006910786489606141,,,,
Mexico,Q4 2018,-3.677839203596312,0.013811612020675044,-3.2793490063532524,0.014233973863647173,-4.909434293442743,4,2018,2018-10-01,123131861.61428827,18.628766384750744,-0.00042236184297212917,-0.011217287575563414,0.19591286457635146,,,,0.035913423878003226,0.03212016547906327,0.03339180016049248,-0.012823074340056494,,,,
Mexico,Q1 2019,-3.695489644867847,0.013680205823687803,-3.2945801837700013,0.013774395940063659,-4.907855775118634,1,2019,2019-01-01,125085311.0,18.64450655047755,-9.419011637585607e-05,-0.0025399392391897307,0.1992339351128286,,,,0.0206091791812697,0.019833179994389383,0.04730542576409569,-0.004884404078816362,,,,
Mexico,Q2 2019,-3.691140873765992,0.01400627903244001,-3.2966390407128747,0.0138266602724574,-4.936803286390261,2,2019,2019-04-01,124816583.75868055,18.642355887753215,0.000179618759982611,0.004853598392216557,0.1939481845237683,,,,0.027785323266553696,0.021150593710993704,0.031340779366576754,0.0017318509257768433,,,,
Mexico,Q3 2019,-3.6792839106239064,0.014023204838303467,-3.2923919565317386,0.013922322798980966,-4.948323254717772,3,2019,2019-07-01,124548433.83798853,18.64020522502888,0.00010088203932250191,0.002714447909159806,0.1909141748635301,,,,0.042874669391081976,0.029137519456202465,0.033296308759305226,-0.0012042994492983843,,,,
Mexico,Q4 2019,-3.6779657898803277,0.013277186849458484,-3.2948378669178062,0.013479285547524122,-4.961438782810747,4,2019,2019-10-01,124280859.99763572,18.63805456230454,-0.0002020986980656378,-0.005451216366540853,0.18888802196286544,,,,0.047736650879460996,0.030713294594924,0.033974198497107366,-0.010168876002577388,,,,
Mexico,Q1 2020,-3.7119695845142546,0.013761377514436648,-3.3185292491793783,0.013095353459604546,-5.007121285168072,1,2020,2020-01-01,125998302.00000013,18.651778988634472,0.0006660240548321018,0.01839538390572748,0.18477950382032712,,,,0.017467865847666797,0.011225503925321068,0.0022075111525348134,0.012895457173354073,,,,
Mexico,Q2 2020,-3.942144583268272,0.009807355302706872,-3.5123050103355835,0.009715173125602614,-5.332565400537776,2,2020,2020-04-01,125769431.4041583,18.64996087909524,9.218217710425802e-05,0.0030904494590480464,0.1619835665082786,,,,-0.2089311387587096,-0.17828389327439353,-0.30941514882506915,-0.0031501860741178136,,,,
Mexico,Q3 2020,-3.8175469772219492,0.013529334778039857,-3.3875277209100894,0.011352540335881157,-5.15548671190586,3,2020,2020-07-01,125540976.54209116,18.64814276955601,0.0021767944421586995,0.0644172256368568,0.17068099501038986,,,,-0.08067763574721498,-0.04930361717049525,-0.11882750091880112,0.05749429305201251,,,,
Mexico,Q4 2020,-3.7596246730429517,0.013575095639439498,-3.3434355808634986,0.012729332202511085,-5.102590936092685,4,2020,2020-10-01,125312936.65863544,18.64632466001678,0.000845763436928413,0.02394884259986321,0.1721902420054417,,,,-0.019250031551768743,-0.0010865899329011164,-0.05276001397810326,0.016420847032320437,,,,
Mexico,Q1 2021,-3.7546535537511927,0.013059193384880718,-3.3503236539285206,0.013311859539587087,-5.071106132179228,1,2021,2021-01-01,126705138.00000012,18.657373196955326,-0.0002526661547063696,-0.007204007336390162,0.1789260873496325,,,,-0.010904285436196481,-0.003911782742902492,-0.008391231924960607,-0.015276943430943048,,,,
Mexico,Q2 2021,-3.739556168551355,0.01328144701609403,-3.3418067521691204,0.01329843139119543,-5.05784576971688,2,2021,2021-04-01,126528058.12225531,18.655974644875112,-1.6984375101398996e-05,-0.0004801509635740583,0.17977683235628533,,,,0.007469008420628587,0.00862276400566131,0.017547865856962552,-0.00906527977213547,,,,
Mexico,Q3 2021,-3.7370312412390927,0.0133751698115974,-3.351803730982911,0.01358382548429341,-5.030312605781807,3,2021,2021-07-01,126351225.72684307,18.654576092794898,-0.0002086556726960103,-0.005957993994299361,0.18665209027195145,,,,0.01320989642726067,0.0026174114495178813,0.05764225697918146,-0.015040394256910155,,,,
Mexico,Q4 2021,-3.712077830591997,0.014098918716179994,-3.338894297778358,0.013915858158889337,-5.035289971636404,4,2021,2021-10-01,126174640.46788886,18.653177540714687,0.00018306055729065684,0.005160100371029661,0.18334316311722104,,,,0.04135342188004998,0.019506279487038203,0.06518537745082309,-0.0044168108388562295,,,,
